imu_bias_level_mps2,imu_bias_ax_mps2,imu_bias_ay_mps2,n_repeats,kalman_full_rmse_m_mean,kalman_full_rmse_m_std,kalman_dropout_rmse_m_mean,kalman_dropout_rmse_m_std,kalman_final_error_m_mean,kalman_final_error_m_std,kalman_max_error_m_mean,kalman_max_error_m_std
0.0,0.0,-0.0,5,1.9907403256207725,0.3300107718851148,2.4201224718654855,1.1660391296938921,0.9205679031053066,0.36079646203301036,6.417694890780071,0.9274591798154865
0.02,0.02,-0.01,5,2.18553110591387,0.3635866331982734,3.1324011044041797,1.2945129787579943,0.7189690653539759,0.29232194185729443,6.951138020847385,1.0556724246470048
0.05,0.05,-0.025,5,2.9527837050286925,0.43460351063855,5.3328086726349415,1.226952666059953,0.7074618177221612,0.35361104914763586,9.405888903101232,2.2592505830424576
0.1,0.1,-0.05,5,4.75972886084571,0.48471507451652124,9.55528336537894,1.2389545935158894,1.4142495595541664,0.4763048257043058,17.187169000104156,2.319943777790569
0.2,0.2,-0.1,5,8.833243045894992,0.5167111235828529,18.37034232959641,1.2872627475716485,3.325266176467278,0.4826256837240173,33.341659587325466,2.36466967839775
0.35,0.35,-0.175,5,15.156301603689608,0.5307904238602468,31.75012727156181,1.318066576448961,6.269131148031225,0.4843657485799335,57.768862366293945,2.3919594017271995
