gps_noise_std_m,raw_gps_rmse_mean_m,raw_gps_rmse_std_m,kalman_full_rmse_mean_m,kalman_full_rmse_std_m,kalman_gps_time_rmse_mean_m,kalman_gps_time_rmse_std_m,n_repeats
1.0,1.3761488898616108,0.0841695487479079,0.8313262899220751,0.12547884658611255,0.6508741306666964,0.051076838548263975,5
2.0,2.7522977797232215,0.1683390974958161,1.3823170616440505,0.2274435610605946,1.1930699521823818,0.08116191921313032,5
3.0,4.128446669584832,0.25250864624372393,1.9907403256207725,0.3300107718851148,1.7538191823213107,0.11278425983009005,5
5.0,6.880744449308054,0.42084774373953987,3.251369647539503,0.529733047358406,2.887669843783226,0.17800995292864594,5
8.0,11.009191118892886,0.6733563899832641,5.1713398478721935,0.8260873980503104,4.596429723263908,0.2775875844508013,5
12.0,16.51378667833933,1.0100345849748966,7.745075690100366,1.2201984077267691,6.8785654790846396,0.41134298707593075,5
